personName,birthDate
Rutu,2022-07-12
Davis,2024-01-03
Kiley,2025-02-10
Gottfried,2024-12-15
Pansy,2024-10-27
Josias,2023-11-04
Prissie,2024-01-18
Kerrie,2025-04-10
Burlie,2024-05-08
Donall,2023-09-13
Ailis,2024-09-30
Barthel,2023-09-02
Gerty,2024-08-31
Galven,2024-10-08
Kylie,2024-05-10
Laure,2023-08-17
Elbert,2024-12-09
Perceval,2023-11-16
Rosabella,2023-12-16
Tarrance,2024-08-23
Perry,2023-10-02
Edee,2024-04-02
Lisbeth,2025-03-17
Carroll,2024-05-25
Lucio,2024-08-19
Dougy,2023-09-16
Beatriz,2023-06-23
Jordon,2024-10-28
June,2023-06-29
Patrick,2023-05-12
Burtie,2023-05-29
Aubry,2023-10-26